<?xml version="1.0" encoding="UTF-8" ?>
<resource_file type="PackedScene" subresource_count="6" version="0.99" version_name="Mole Engine v0.99.3735-pre-beta">
	<ext_resource path="res://robisplash_bg.*" type="ImageTexture"></ext_resource>
	<ext_resource path="res://robisplash_logo.*" type="ImageTexture"></ext_resource>
	<ext_resource path="res://robisplash_button.*" type="ImageTexture"></ext_resource>
	<ext_resource path="res://robisplash_button_pressed.*" type="ImageTexture"></ext_resource>
	<ext_resource path="res://freesans.*" type="Font"></ext_resource>
	<main_resource>
		<dictionary name="_bundled" shared="false">
			<string> "names" </string>
			<string_array  len="50">
				<string> "bg" </string>
				<string> "TextureFrame" </string>
				<string> "visibility/visible" </string>
				<string> "visibility/opacity" </string>
				<string> "visibility/self_opacity" </string>
				<string> "visibility/on_top" </string>
				<string> "margin/right" </string>
				<string> "margin/bottom" </string>
				<string> "focus_neighbour/left" </string>
				<string> "focus_neighbour/top" </string>
				<string> "focus_neighbour/right" </string>
				<string> "focus_neighbour/bottom" </string>
				<string> "focus/ignore_mouse" </string>
				<string> "focus/stop_mouse" </string>
				<string> "size_flags/horizontal" </string>
				<string> "size_flags/vertical" </string>
				<string> "size_flags/stretch_ratio" </string>
				<string> "texture" </string>
				<string> "modulate" </string>
				<string> "expand" </string>
				<string> "__meta__" </string>
				<string> "logo" </string>
				<string> "margin/left" </string>
				<string> "margin/top" </string>
				<string> "start" </string>
				<string> "TextureButton" </string>
				<string> "disabled" </string>
				<string> "toggle_mode" </string>
				<string> "click_on_press" </string>
				<string> "textures/normal" </string>
				<string> "textures/pressed" </string>
				<string> "textures/hover" </string>
				<string> "textures/disabled" </string>
				<string> "textures/focused" </string>
				<string> "textures/click_mask" </string>
				<string> "copyright" </string>
				<string> "Label" </string>
				<string> "custom_fonts/font" </string>
				<string> "range/min" </string>
				<string> "range/max" </string>
				<string> "range/step" </string>
				<string> "range/page" </string>
				<string> "range/value" </string>
				<string> "range/exp_edit" </string>
				<string> "rounded_values" </string>
				<string> "text" </string>
				<string> "align" </string>
				<string> "valign" </string>
				<string> "autowrap" </string>
				<string> "percent_visible" </string>
			</string_array>
			<string> "version" </string>
			<int> 1 </int>
			<string> "conn_count" </string>
			<int> 0 </int>
			<string> "node_count" </string>
			<int> 4 </int>
			<string> "variants" </string>
			<array  len="30" shared="false">
				<bool> True </bool>
				<real> 1 </real>
				<real> 40 </real>
				<node_path> "" </node_path>
				<int> 2 </int>
				<resource  resource_type="ImageTexture" path="res://robisplash_bg.*">  </resource>
				<color> 1, 1, 1, 1 </color>
				<bool> False </bool>
				<dictionary  shared="false">
					<string> "__editor_plugin_states__" </string>
					<dictionary  shared="false">
						<string> "2D" </string>
						<dictionary  shared="false">
							<string> "pixel_snap" </string>
							<bool> False </bool>
							<string> "zoom" </string>
							<real> 0.440127 </real>
							<string> "ofs" </string>
							<vector2> -108.527, -208.772 </vector2>
						</dictionary>
						<string> "3D" </string>
						<dictionary  shared="false">
							<string> "zfar" </string>
							<real> 500 </real>
							<string> "fov" </string>
							<real> 45 </real>
							<string> "viewports" </string>
							<array  len="4" shared="false">
								<dictionary  shared="false">
									<string> "distance" </string>
									<real> 4 </real>
									<string> "x_rot" </string>
									<real> 0 </real>
									<string> "y_rot" </string>
									<real> 0 </real>
									<string> "use_orthogonal" </string>
									<bool> False </bool>
									<string> "use_environment" </string>
									<bool> False </bool>
									<string> "pos" </string>
									<vector3> 0, 0, 0 </vector3>
								</dictionary>
								<dictionary  shared="false">
									<string> "distance" </string>
									<real> 4 </real>
									<string> "x_rot" </string>
									<real> 0 </real>
									<string> "y_rot" </string>
									<real> 0 </real>
									<string> "use_orthogonal" </string>
									<bool> False </bool>
									<string> "use_environment" </string>
									<bool> False </bool>
									<string> "pos" </string>
									<vector3> 0, 0, 0 </vector3>
								</dictionary>
								<dictionary  shared="false">
									<string> "distance" </string>
									<real> 4 </real>
									<string> "x_rot" </string>
									<real> 0 </real>
									<string> "y_rot" </string>
									<real> 0 </real>
									<string> "use_orthogonal" </string>
									<bool> False </bool>
									<string> "use_environment" </string>
									<bool> False </bool>
									<string> "pos" </string>
									<vector3> 0, 0, 0 </vector3>
								</dictionary>
								<dictionary  shared="false">
									<string> "distance" </string>
									<real> 4 </real>
									<string> "x_rot" </string>
									<real> 0 </real>
									<string> "y_rot" </string>
									<real> 0 </real>
									<string> "use_orthogonal" </string>
									<bool> False </bool>
									<string> "use_environment" </string>
									<bool> False </bool>
									<string> "pos" </string>
									<vector3> 0, 0, 0 </vector3>
								</dictionary>
							</array>
							<string> "viewport_mode" </string>
							<int> 1 </int>
							<string> "default_light" </string>
							<bool> True </bool>
							<string> "show_grid" </string>
							<bool> True </bool>
							<string> "show_origin" </string>
							<bool> True </bool>
							<string> "znear" </string>
							<real> 0.1 </real>
						</dictionary>
					</dictionary>
					<string> "__editor_run_settings__" </string>
					<dictionary  shared="false">
						<string> "custom_args" </string>
						<string> "-l $scene" </string>
						<string> "run_mode" </string>
						<int> 0 </int>
					</dictionary>
					<string> "__editor_plugin_screen__" </string>
					<string> "2D" </string>
				</dictionary>
				<real> 114 </real>
				<real> 2 </real>
				<real> 680 </real>
				<real> 377 </real>
				<resource  resource_type="ImageTexture" path="res://robisplash_logo.*">  </resource>
				<real> 332 </real>
				<real> 375 </real>
				<real> 481 </real>
				<real> 449 </real>
				<resource  resource_type="ImageTexture" path="res://robisplash_button.*">  </resource>
				<resource  resource_type="ImageTexture" path="res://robisplash_button_pressed.*">  </resource>
				<resource name=""></resource>				<real> 654 </real>
				<real> 414 </real>
				<real> 772 </real>
				<real> 431 </real>
				<resource  resource_type="Font" path="res://freesans.*">  </resource>
				<real> 0 </real>
				<string> "(c) 1994 SOGA" </string>
				<int> 0 </int>
				<real> -1 </real>
			</array>
			<string> "nodes" </string>
			<int_array  len="216"> 				-1, -1, 1, 0, -1, 19, 2, 0, 3, 1, 4, 1, 5, 0, 6, 2, 7, 2, 8, 3, 9, 3, 10, 3, 11, 3, 12, 0, 13, 0, 14, 4, 15, 4, 16, 1, 17, 5, 18, 6, 19, 7, 20, 8, 0, 0, 0, 1, 21, -1, 20, 2, 0, 3, 1, 4, 1, 5, 0, 22, 9, 23, 10, 6, 11, 7, 12, 8, 3, 9, 3, 10, 3, 11, 3, 12, 0, 13, 0, 14, 4, 15, 4, 16, 1, 17, 13, 18, 6, 19, 7, 0, 0, 0, 25, 24, -1, 26, 2, 0, 3, 1, 4, 1, 5, 0, 22, 14, 23, 15, 6, 16, 7, 17, 8, 3, 9, 3, 10, 3, 11, 3, 12, 7, 13, 0, 14, 4, 15, 4, 16, 1, 26, 7, 27, 7, 28, 7, 29, 18, 30, 19, 31, 20, 32, 20, 33, 20, 34, 20, 0, 0, 0, 36, 35, -1, 29, 2, 0, 3, 1, 4, 1, 5, 0, 22, 21, 23, 22, 6, 23, 7, 24, 8, 3, 9, 3, 10, 3, 11, 3, 12, 0, 13, 0, 14, 4, 16, 1, 37, 25, 38, 26, 39, 1, 40, 1, 41, 1, 42, 26, 43, 7, 44, 7, 45, 27, 46, 28, 47, 28, 48, 7, 49, 29, 0 </int_array>
			<string> "conns" </string>
			<int_array  len="0"> 				 </int_array>
		</dictionary>

	</main_resource>
</resource_file>